n,align,store,fence,loc,mode,K,rounds,OW_A,OW_B,OW_OTHER,INTERLEAVE,CORRUPT,wall_us,per_cl
128,aligned,memcpy,clflush_sfence,same_cl,barrier,1000,1000,9,986,0,5,0,981826,"cl0=OW_A=14,OW_B=986,OW_OTHER=0,INTERLEAVE=0,CORRUPT=0 cl1=OW_A=9,OW_B=991,OW_OTHER=0,INTERLEAVE=0,CORRUPT=0"
128,aligned,memcpy,clflush_sfence,same_cl,async,1000,1000,3,997,0,0,0,1232922,"cl0=OW_A=3,OW_B=997,OW_OTHER=0,INTERLEAVE=0,CORRUPT=0 cl1=OW_A=3,OW_B=997,OW_OTHER=0,INTERLEAVE=0,CORRUPT=0"
128,aligned,movnti,clflush_sfence,same_cl,barrier,1000,1000,0,1000,0,0,0,1027901,"cl0=OW_A=0,OW_B=1000,OW_OTHER=0,INTERLEAVE=0,CORRUPT=0 cl1=OW_A=0,OW_B=1000,OW_OTHER=0,INTERLEAVE=0,CORRUPT=0"
128,aligned,movnti,clflush_sfence,same_cl,async,1000,1000,3,997,0,0,0,1191269,"cl0=OW_A=3,OW_B=997,OW_OTHER=0,INTERLEAVE=0,CORRUPT=0 cl1=OW_A=3,OW_B=997,OW_OTHER=0,INTERLEAVE=0,CORRUPT=0"
192,aligned,memcpy,clflush_sfence,same_cl,barrier,1000,1000,0,1000,0,0,0,1024098,"cl0=OW_A=0,OW_B=1000,OW_OTHER=0,INTERLEAVE=0,CORRUPT=0 cl1=OW_A=0,OW_B=1000,OW_OTHER=0,INTERLEAVE=0,CORRUPT=0 cl2=OW_A=0,OW_B=1000,OW_OTHER=0,INTERLEAVE=0,CORRUPT=0"
192,aligned,memcpy,clflush_sfence,same_cl,async,1000,1000,2,998,0,0,0,1237767,"cl0=OW_A=2,OW_B=998,OW_OTHER=0,INTERLEAVE=0,CORRUPT=0 cl1=OW_A=2,OW_B=998,OW_OTHER=0,INTERLEAVE=0,CORRUPT=0 cl2=OW_A=2,OW_B=998,OW_OTHER=0,INTERLEAVE=0,CORRUPT=0"
192,aligned,movnti,clflush_sfence,same_cl,barrier,1000,1000,0,1000,0,0,0,1034218,"cl0=OW_A=0,OW_B=1000,OW_OTHER=0,INTERLEAVE=0,CORRUPT=0 cl1=OW_A=0,OW_B=1000,OW_OTHER=0,INTERLEAVE=0,CORRUPT=0 cl2=OW_A=0,OW_B=1000,OW_OTHER=0,INTERLEAVE=0,CORRUPT=0"
192,aligned,movnti,clflush_sfence,same_cl,async,1000,1000,3,997,0,0,0,1249623,"cl0=OW_A=3,OW_B=997,OW_OTHER=0,INTERLEAVE=0,CORRUPT=0 cl1=OW_A=3,OW_B=997,OW_OTHER=0,INTERLEAVE=0,CORRUPT=0 cl2=OW_A=3,OW_B=997,OW_OTHER=0,INTERLEAVE=0,CORRUPT=0"
256,aligned,memcpy,clflush_sfence,same_cl,barrier,1000,1000,23,921,0,56,0,986721,"cl0=OW_A=75,OW_B=925,OW_OTHER=0,INTERLEAVE=0,CORRUPT=0 cl1=OW_A=45,OW_B=955,OW_OTHER=0,INTERLEAVE=0,CORRUPT=0 cl2=OW_A=35,OW_B=965,OW_OTHER=0,INTERLEAVE=0,CORRUPT=0 cl3=OW_A=25,OW_B=975,OW_OTHER=0,INTERLEAVE=0,CORRUPT=0"
256,aligned,memcpy,clflush_sfence,same_cl,async,1000,1000,2,998,0,0,0,1227191,"cl0=OW_A=2,OW_B=998,OW_OTHER=0,INTERLEAVE=0,CORRUPT=0 cl1=OW_A=2,OW_B=998,OW_OTHER=0,INTERLEAVE=0,CORRUPT=0 cl2=OW_A=2,OW_B=998,OW_OTHER=0,INTERLEAVE=0,CORRUPT=0 cl3=OW_A=2,OW_B=998,OW_OTHER=0,INTERLEAVE=0,CORRUPT=0"
256,aligned,movnti,clflush_sfence,same_cl,barrier,1000,1000,0,1000,0,0,0,1024895,"cl0=OW_A=0,OW_B=1000,OW_OTHER=0,INTERLEAVE=0,CORRUPT=0 cl1=OW_A=0,OW_B=1000,OW_OTHER=0,INTERLEAVE=0,CORRUPT=0 cl2=OW_A=0,OW_B=1000,OW_OTHER=0,INTERLEAVE=0,CORRUPT=0 cl3=OW_A=0,OW_B=1000,OW_OTHER=0,INTERLEAVE=0,CORRUPT=0"
256,aligned,movnti,clflush_sfence,same_cl,async,1000,1000,0,996,0,4,0,1206902,"cl0=OW_A=3,OW_B=997,OW_OTHER=0,INTERLEAVE=0,CORRUPT=0 cl1=OW_A=0,OW_B=996,OW_OTHER=0,INTERLEAVE=4,CORRUPT=0 cl2=OW_A=1,OW_B=999,OW_OTHER=0,INTERLEAVE=0,CORRUPT=0 cl3=OW_A=1,OW_B=999,OW_OTHER=0,INTERLEAVE=0,CORRUPT=0"
384,aligned,memcpy,clflush_sfence,same_cl,barrier,1000,1000,200,722,0,78,0,984557,"cl0=OW_A=244,OW_B=756,OW_OTHER=0,INTERLEAVE=0,CORRUPT=0 cl1=OW_A=244,OW_B=756,OW_OTHER=0,INTERLEAVE=0,CORRUPT=0 cl2=OW_A=235,OW_B=765,OW_OTHER=0,INTERLEAVE=0,CORRUPT=0 cl3=OW_A=221,OW_B=779,OW_OTHER=0,INTERLEAVE=0,CORRUPT=0 cl4=OW_A=243,OW_B=757,OW_OTHER=0,INTERLEAVE=0,CORRUPT=0 cl5=OW_A=254,OW_B=746,OW_OTHER=0,INTERLEAVE=0,CORRUPT=0"
384,aligned,memcpy,clflush_sfence,same_cl,async,1000,1000,996,3,0,1,0,1211301,"cl0=OW_A=996,OW_B=4,OW_OTHER=0,INTERLEAVE=0,CORRUPT=0 cl1=OW_A=996,OW_B=4,OW_OTHER=0,INTERLEAVE=0,CORRUPT=0 cl2=OW_A=996,OW_B=4,OW_OTHER=0,INTERLEAVE=0,CORRUPT=0 cl3=OW_A=997,OW_B=3,OW_OTHER=0,INTERLEAVE=0,CORRUPT=0 cl4=OW_A=997,OW_B=3,OW_OTHER=0,INTERLEAVE=0,CORRUPT=0 cl5=OW_A=997,OW_B=3,OW_OTHER=0,INTERLEAVE=0,CORRUPT=0"
384,aligned,movnti,clflush_sfence,same_cl,barrier,1000,1000,0,1000,0,0,0,988127,"cl0=OW_A=0,OW_B=1000,OW_OTHER=0,INTERLEAVE=0,CORRUPT=0 cl1=OW_A=0,OW_B=1000,OW_OTHER=0,INTERLEAVE=0,CORRUPT=0 cl2=OW_A=0,OW_B=1000,OW_OTHER=0,INTERLEAVE=0,CORRUPT=0 cl3=OW_A=0,OW_B=1000,OW_OTHER=0,INTERLEAVE=0,CORRUPT=0 cl4=OW_A=0,OW_B=1000,OW_OTHER=0,INTERLEAVE=0,CORRUPT=0 cl5=OW_A=0,OW_B=1000,OW_OTHER=0,INTERLEAVE=0,CORRUPT=0"
384,aligned,movnti,clflush_sfence,same_cl,async,1000,1000,0,996,0,4,0,1195274,"cl0=OW_A=2,OW_B=998,OW_OTHER=0,INTERLEAVE=0,CORRUPT=0 cl1=OW_A=2,OW_B=998,OW_OTHER=0,INTERLEAVE=0,CORRUPT=0 cl2=OW_A=2,OW_B=998,OW_OTHER=0,INTERLEAVE=0,CORRUPT=0 cl3=OW_A=2,OW_B=998,OW_OTHER=0,INTERLEAVE=0,CORRUPT=0 cl4=OW_A=2,OW_B=998,OW_OTHER=0,INTERLEAVE=0,CORRUPT=0 cl5=OW_A=2,OW_B=998,OW_OTHER=0,INTERLEAVE=0,CORRUPT=0"
512,aligned,memcpy,clflush_sfence,same_cl,barrier,1000,1000,128,705,0,167,0,1019209,"cl0=OW_A=244,OW_B=756,OW_OTHER=0,INTERLEAVE=0,CORRUPT=0 cl1=OW_A=204,OW_B=796,OW_OTHER=0,INTERLEAVE=0,CORRUPT=0 cl2=OW_A=242,OW_B=758,OW_OTHER=0,INTERLEAVE=0,CORRUPT=0 cl3=OW_A=192,OW_B=808,OW_OTHER=0,INTERLEAVE=0,CORRUPT=0 cl4=OW_A=225,OW_B=775,OW_OTHER=0,INTERLEAVE=0,CORRUPT=0 cl5=OW_A=247,OW_B=753,OW_OTHER=0,INTERLEAVE=0,CORRUPT=0 cl6=OW_A=206,OW_B=794,OW_OTHER=0,INTERLEAVE=0,CORRUPT=0 cl7=OW_A=171,OW_B=829,OW_OTHER=0,INTERLEAVE=0,CORRUPT=0"
512,aligned,memcpy,clflush_sfence,same_cl,async,1000,1000,2,998,0,0,0,1217550,"cl0=OW_A=2,OW_B=998,OW_OTHER=0,INTERLEAVE=0,CORRUPT=0 cl1=OW_A=2,OW_B=998,OW_OTHER=0,INTERLEAVE=0,CORRUPT=0 cl2=OW_A=2,OW_B=998,OW_OTHER=0,INTERLEAVE=0,CORRUPT=0 cl3=OW_A=2,OW_B=998,OW_OTHER=0,INTERLEAVE=0,CORRUPT=0 cl4=OW_A=2,OW_B=998,OW_OTHER=0,INTERLEAVE=0,CORRUPT=0 cl5=OW_A=2,OW_B=998,OW_OTHER=0,INTERLEAVE=0,CORRUPT=0 cl6=OW_A=2,OW_B=998,OW_OTHER=0,INTERLEAVE=0,CORRUPT=0 cl7=OW_A=2,OW_B=998,OW_OTHER=0,INTERLEAVE=0,CORRUPT=0"
512,aligned,movnti,clflush_sfence,same_cl,barrier,1000,1000,0,1000,0,0,0,1014093,"cl0=OW_A=0,OW_B=1000,OW_OTHER=0,INTERLEAVE=0,CORRUPT=0 cl1=OW_A=0,OW_B=1000,OW_OTHER=0,INTERLEAVE=0,CORRUPT=0 cl2=OW_A=0,OW_B=1000,OW_OTHER=0,INTERLEAVE=0,CORRUPT=0 cl3=OW_A=0,OW_B=1000,OW_OTHER=0,INTERLEAVE=0,CORRUPT=0 cl4=OW_A=0,OW_B=1000,OW_OTHER=0,INTERLEAVE=0,CORRUPT=0 cl5=OW_A=0,OW_B=1000,OW_OTHER=0,INTERLEAVE=0,CORRUPT=0 cl6=OW_A=0,OW_B=1000,OW_OTHER=0,INTERLEAVE=0,CORRUPT=0 cl7=OW_A=0,OW_B=1000,OW_OTHER=0,INTERLEAVE=0,CORRUPT=0"
512,aligned,movnti,clflush_sfence,same_cl,async,1000,1000,0,997,0,3,0,1232277,"cl0=OW_A=0,OW_B=1000,OW_OTHER=0,INTERLEAVE=0,CORRUPT=0 cl1=OW_A=0,OW_B=1000,OW_OTHER=0,INTERLEAVE=0,CORRUPT=0 cl2=OW_A=0,OW_B=997,OW_OTHER=0,INTERLEAVE=3,CORRUPT=0 cl3=OW_A=3,OW_B=997,OW_OTHER=0,INTERLEAVE=0,CORRUPT=0 cl4=OW_A=3,OW_B=997,OW_OTHER=0,INTERLEAVE=0,CORRUPT=0 cl5=OW_A=3,OW_B=997,OW_OTHER=0,INTERLEAVE=0,CORRUPT=0 cl6=OW_A=3,OW_B=997,OW_OTHER=0,INTERLEAVE=0,CORRUPT=0 cl7=OW_A=3,OW_B=997,OW_OTHER=0,INTERLEAVE=0,CORRUPT=0"
1024,aligned,memcpy,clflush_sfence,same_cl,barrier,1000,1000,15,722,0,263,0,1008317,"cl0=OW_A=162,OW_B=838,OW_OTHER=0,INTERLEAVE=0,CORRUPT=0 cl1=OW_A=140,OW_B=860,OW_OTHER=0,INTERLEAVE=0,CORRUPT=0 cl2=OW_A=143,OW_B=857,OW_OTHER=0,INTERLEAVE=0,CORRUPT=0 cl3=OW_A=123,OW_B=877,OW_OTHER=0,INTERLEAVE=0,CORRUPT=0 cl4=OW_A=173,OW_B=827,OW_OTHER=0,INTERLEAVE=0,CORRUPT=0 cl5=OW_A=183,OW_B=817,OW_OTHER=0,INTERLEAVE=0,CORRUPT=0 cl6=OW_A=148,OW_B=852,OW_OTHER=0,INTERLEAVE=0,CORRUPT=0 cl7=OW_A=146,OW_B=854,OW_OTHER=0,INTERLEAVE=0,CORRUPT=0 cl8=OW_A=236,OW_B=764,OW_OTHER=0,INTERLEAVE=0,CORRUPT=0 cl9=OW_A=66,OW_B=934,OW_OTHER=0,INTERLEAVE=0,CORRUPT=0 cl10=OW_A=67,OW_B=933,OW_OTHER=0,INTERLEAVE=0,CORRUPT=0 cl11=OW_A=59,OW_B=941,OW_OTHER=0,INTERLEAVE=0,CORRUPT=0 cl12=OW_A=88,OW_B=912,OW_OTHER=0,INTERLEAVE=0,CORRUPT=0 cl13=OW_A=51,OW_B=949,OW_OTHER=0,INTERLEAVE=0,CORRUPT=0 cl14=OW_A=62,OW_B=938,OW_OTHER=0,INTERLEAVE=0,CORRUPT=0 cl15=OW_A=50,OW_B=950,OW_OTHER=0,INTERLEAVE=0,CORRUPT=0"
1024,aligned,memcpy,clflush_sfence,same_cl,async,1000,1000,2,993,0,5,0,1207083,"cl0=OW_A=4,OW_B=996,OW_OTHER=0,INTERLEAVE=0,CORRUPT=0 cl1=OW_A=5,OW_B=995,OW_OTHER=0,INTERLEAVE=0,CORRUPT=0 cl2=OW_A=7,OW_B=993,OW_OTHER=0,INTERLEAVE=0,CORRUPT=0 cl3=OW_A=4,OW_B=996,OW_OTHER=0,INTERLEAVE=0,CORRUPT=0 cl4=OW_A=4,OW_B=996,OW_OTHER=0,INTERLEAVE=0,CORRUPT=0 cl5=OW_A=4,OW_B=996,OW_OTHER=0,INTERLEAVE=0,CORRUPT=0 cl6=OW_A=4,OW_B=996,OW_OTHER=0,INTERLEAVE=0,CORRUPT=0 cl7=OW_A=4,OW_B=996,OW_OTHER=0,INTERLEAVE=0,CORRUPT=0 cl8=OW_A=4,OW_B=996,OW_OTHER=0,INTERLEAVE=0,CORRUPT=0 cl9=OW_A=4,OW_B=996,OW_OTHER=0,INTERLEAVE=0,CORRUPT=0 cl10=OW_A=4,OW_B=996,OW_OTHER=0,INTERLEAVE=0,CORRUPT=0 cl11=OW_A=4,OW_B=996,OW_OTHER=0,INTERLEAVE=0,CORRUPT=0 cl12=OW_A=4,OW_B=996,OW_OTHER=0,INTERLEAVE=0,CORRUPT=0 cl13=OW_A=4,OW_B=996,OW_OTHER=0,INTERLEAVE=0,CORRUPT=0 cl14=OW_A=4,OW_B=996,OW_OTHER=0,INTERLEAVE=0,CORRUPT=0 cl15=OW_A=4,OW_B=996,OW_OTHER=0,INTERLEAVE=0,CORRUPT=0"
1024,aligned,movnti,clflush_sfence,same_cl,barrier,1000,1000,0,1000,0,0,0,1035773,"cl0=OW_A=0,OW_B=1000,OW_OTHER=0,INTERLEAVE=0,CORRUPT=0 cl1=OW_A=0,OW_B=1000,OW_OTHER=0,INTERLEAVE=0,CORRUPT=0 cl2=OW_A=0,OW_B=1000,OW_OTHER=0,INTERLEAVE=0,CORRUPT=0 cl3=OW_A=0,OW_B=1000,OW_OTHER=0,INTERLEAVE=0,CORRUPT=0 cl4=OW_A=0,OW_B=1000,OW_OTHER=0,INTERLEAVE=0,CORRUPT=0 cl5=OW_A=0,OW_B=1000,OW_OTHER=0,INTERLEAVE=0,CORRUPT=0 cl6=OW_A=0,OW_B=1000,OW_OTHER=0,INTERLEAVE=0,CORRUPT=0 cl7=OW_A=0,OW_B=1000,OW_OTHER=0,INTERLEAVE=0,CORRUPT=0 cl8=OW_A=0,OW_B=1000,OW_OTHER=0,INTERLEAVE=0,CORRUPT=0 cl9=OW_A=0,OW_B=1000,OW_OTHER=0,INTERLEAVE=0,CORRUPT=0 cl10=OW_A=0,OW_B=1000,OW_OTHER=0,INTERLEAVE=0,CORRUPT=0 cl11=OW_A=0,OW_B=1000,OW_OTHER=0,INTERLEAVE=0,CORRUPT=0 cl12=OW_A=0,OW_B=1000,OW_OTHER=0,INTERLEAVE=0,CORRUPT=0 cl13=OW_A=0,OW_B=1000,OW_OTHER=0,INTERLEAVE=0,CORRUPT=0 cl14=OW_A=0,OW_B=1000,OW_OTHER=0,INTERLEAVE=0,CORRUPT=0 cl15=OW_A=0,OW_B=1000,OW_OTHER=0,INTERLEAVE=0,CORRUPT=0"
1024,aligned,movnti,clflush_sfence,same_cl,async,1000,1000,0,1000,0,0,0,1219639,"cl0=OW_A=0,OW_B=1000,OW_OTHER=0,INTERLEAVE=0,CORRUPT=0 cl1=OW_A=0,OW_B=1000,OW_OTHER=0,INTERLEAVE=0,CORRUPT=0 cl2=OW_A=0,OW_B=1000,OW_OTHER=0,INTERLEAVE=0,CORRUPT=0 cl3=OW_A=0,OW_B=1000,OW_OTHER=0,INTERLEAVE=0,CORRUPT=0 cl4=OW_A=0,OW_B=1000,OW_OTHER=0,INTERLEAVE=0,CORRUPT=0 cl5=OW_A=0,OW_B=1000,OW_OTHER=0,INTERLEAVE=0,CORRUPT=0 cl6=OW_A=0,OW_B=1000,OW_OTHER=0,INTERLEAVE=0,CORRUPT=0 cl7=OW_A=0,OW_B=1000,OW_OTHER=0,INTERLEAVE=0,CORRUPT=0 cl8=OW_A=0,OW_B=1000,OW_OTHER=0,INTERLEAVE=0,CORRUPT=0 cl9=OW_A=0,OW_B=1000,OW_OTHER=0,INTERLEAVE=0,CORRUPT=0 cl10=OW_A=0,OW_B=1000,OW_OTHER=0,INTERLEAVE=0,CORRUPT=0 cl11=OW_A=0,OW_B=1000,OW_OTHER=0,INTERLEAVE=0,CORRUPT=0 cl12=OW_A=0,OW_B=1000,OW_OTHER=0,INTERLEAVE=0,CORRUPT=0 cl13=OW_A=0,OW_B=1000,OW_OTHER=0,INTERLEAVE=0,CORRUPT=0 cl14=OW_A=0,OW_B=1000,OW_OTHER=0,INTERLEAVE=0,CORRUPT=0 cl15=OW_A=0,OW_B=1000,OW_OTHER=0,INTERLEAVE=0,CORRUPT=0"
