build,V,T,cache_buckets,scenario,keydist,rep,thpt_Mops,r_p50_us,r_p99_us,r2hit,r2miss_local,lrs2r,lrs4r,cp_lru_evict,wallclock_s
baseline,1024,64,131072,local_read,uniform,1,27.651,3.883,17.859,8134,69991,0,0,3984395,23
baseline,1024,64,131072,local_read,uniform,2,27.603,3.861,17.747,8109,70016,1,0,3984418,23
baseline,1024,64,131072,local_read,uniform,3,27.750,3.886,17.659,8115,70010,1,4,3984414,23
baseline,1024,64,131072,local_read,zipf-0.5,1,36.320,0.735,16.703,28197,49928,0,0,3963207,23
baseline,1024,64,131072,local_read,zipf-0.5,2,36.524,0.727,16.472,28138,49987,1,0,3963251,22
baseline,1024,64,131072,local_read,zipf-0.5,3,36.467,0.724,16.541,28225,49900,2,0,3963161,23
baseline,1024,64,131072,local_read,zipf-0.99,1,42.633,0.392,15.586,31495,46630,1,0,3954740,23
baseline,1024,64,131072,local_read,zipf-0.99,2,42.707,0.390,15.592,31456,46669,0,0,3954784,22
baseline,1024,64,131072,local_read,zipf-0.99,3,42.764,0.391,15.739,31479,46646,0,0,3954758,23
baseline,1024,64,131072,local_read,zipf-1.5,1,15.756,0.336,50.222,17275,60850,0,0,3949950,22
baseline,1024,64,131072,local_read,zipf-1.5,2,15.952,0.326,50.345,17270,60855,0,0,3949959,23
baseline,1024,64,131072,local_read,zipf-1.5,3,15.712,0.315,55.816,17272,60853,0,0,3949955,22
A_no_lru,1024,64,131072,local_read,uniform,1,27.788,3.905,17.740,8110,70015,0,0,3984421,23
A_no_lru,1024,64,131072,local_read,uniform,2,27.792,3.877,17.735,8136,69989,0,0,3984389,23
A_no_lru,1024,64,131072,local_read,uniform,3,27.718,3.906,17.870,8116,70009,0,0,3984413,23
A_no_lru,1024,64,131072,local_read,zipf-0.5,1,37.391,0.474,16.628,28782,49343,0,0,3962619,23
A_no_lru,1024,64,131072,local_read,zipf-0.5,2,37.663,0.476,16.534,28825,49300,0,8,3962570,22
A_no_lru,1024,64,131072,local_read,zipf-0.5,3,37.724,0.474,16.317,28846,49279,1,0,3962543,22
A_no_lru,1024,64,131072,local_read,zipf-0.99,1,43.551,0.312,15.527,31607,46518,1,0,3954628,22
A_no_lru,1024,64,131072,local_read,zipf-0.99,2,43.244,0.312,15.869,31601,46524,0,0,3954642,22
A_no_lru,1024,64,131072,local_read,zipf-0.99,3,43.800,0.311,15.341,31625,46500,0,0,3954607,23
A_no_lru,1024,64,131072,local_read,zipf-1.5,1,15.805,0.159,47.627,17270,60855,0,0,3949954,23
A_no_lru,1024,64,131072,local_read,zipf-1.5,2,16.098,0.159,44.681,17271,60854,0,0,3949958,23
A_no_lru,1024,64,131072,local_read,zipf-1.5,3,15.910,0.156,42.207,17274,60851,0,0,3949951,23
B_no_flush,1024,64,131072,local_read,uniform,1,27.990,3.810,17.720,8123,70002,0,0,3984406,22
B_no_flush,1024,64,131072,local_read,uniform,2,27.961,3.813,17.703,8122,70003,1,0,3984400,22
B_no_flush,1024,64,131072,local_read,uniform,3,28.115,3.799,17.872,8105,70020,0,0,3984420,23
B_no_flush,1024,64,131072,local_read,zipf-0.5,1,38.994,0.734,17.410,28010,50115,1,0,3963391,23
B_no_flush,1024,64,131072,local_read,zipf-0.5,2,38.761,0.734,16.867,28070,50055,0,0,3963295,23
B_no_flush,1024,64,131072,local_read,zipf-0.5,3,38.662,0.735,16.818,28040,50085,0,0,3963324,23
B_no_flush,1024,64,131072,local_read,zipf-0.99,1,47.206,0.433,15.675,31282,46843,2,8,3954943,23
B_no_flush,1024,64,131072,local_read,zipf-0.99,2,47.401,0.459,15.838,31280,46845,0,6,3954967,23
B_no_flush,1024,64,131072,local_read,zipf-0.99,3,47.367,0.438,15.624,31264,46861,1,0,3954952,23
B_no_flush,1024,64,131072,local_read,zipf-1.5,1,90.992,0.438,18.376,17221,60904,0,0,3949988,23
B_no_flush,1024,64,131072,local_read,zipf-1.5,2,93.178,0.405,18.398,17213,60912,0,0,3950015,22
B_no_flush,1024,64,131072,local_read,zipf-1.5,3,94.203,0.430,18.497,17202,60923,0,0,3950023,23
C_sample,1024,64,131072,local_read,uniform,1,27.566,3.895,18.028,8117,70008,2,0,3984414,23
C_sample,1024,64,131072,local_read,uniform,2,27.584,3.877,18.067,8109,70016,0,0,3984417,23
C_sample,1024,64,131072,local_read,uniform,3,27.703,3.889,17.815,8138,69987,0,0,3984390,23
C_sample,1024,64,131072,local_read,zipf-0.5,1,37.316,0.481,16.671,28789,49336,0,0,3962610,23
C_sample,1024,64,131072,local_read,zipf-0.5,2,36.863,0.481,17.208,28820,49305,0,0,3962577,23
C_sample,1024,64,131072,local_read,zipf-0.5,3,37.375,0.481,16.723,28779,49346,1,0,3962611,22
C_sample,1024,64,131072,local_read,zipf-0.99,1,43.572,0.314,15.464,31601,46524,0,0,3954637,23
C_sample,1024,64,131072,local_read,zipf-0.99,2,43.468,0.314,15.591,31602,46523,0,0,3954639,22
C_sample,1024,64,131072,local_read,zipf-0.99,3,42.535,0.314,15.521,31614,46511,1,0,3954630,23
C_sample,1024,64,131072,local_read,zipf-1.5,1,15.724,0.159,50.214,17268,60857,0,0,3949959,22
C_sample,1024,64,131072,local_read,zipf-1.5,2,15.885,0.160,47.758,17274,60851,0,0,3949956,22
C_sample,1024,64,131072,local_read,zipf-1.5,3,15.321,0.160,49.104,17271,60854,0,0,3949960,22
D_pad,1024,64,131072,local_read,uniform,1,26.887,3.996,17.986,8136,69989,0,0,3984393,24
D_pad,1024,64,131072,local_read,uniform,2,26.918,3.989,18.127,8124,70001,1,4,3984409,23
D_pad,1024,64,131072,local_read,uniform,3,26.884,3.971,17.844,8129,69996,3,0,3984400,23
D_pad,1024,64,131072,local_read,zipf-0.5,1,34.366,0.729,17.597,28056,50069,0,2,3963342,23
D_pad,1024,64,131072,local_read,zipf-0.5,2,34.889,0.728,17.358,28162,49963,0,0,3963239,23
D_pad,1024,64,131072,local_read,zipf-0.5,3,35.257,0.729,17.037,28162,49963,0,0,3963212,23
D_pad,1024,64,131072,local_read,zipf-0.99,1,42.154,0.343,15.691,31445,46680,2,0,3954795,24
D_pad,1024,64,131072,local_read,zipf-0.99,2,41.664,0.341,15.932,31472,46653,1,0,3954767,23
D_pad,1024,64,131072,local_read,zipf-0.99,3,41.838,0.342,15.852,31514,46611,1,1,3954726,22
D_pad,1024,64,131072,local_read,zipf-1.5,1,15.533,0.258,51.307,17302,60823,0,0,3949922,23
D_pad,1024,64,131072,local_read,zipf-1.5,2,15.424,0.258,54.836,17273,60852,1,0,3949957,22
D_pad,1024,64,131072,local_read,zipf-1.5,3,15.823,0.249,51.893,17271,60854,0,0,3949957,23
E_sample_pad,1024,64,131072,local_read,uniform,1,26.898,3.964,17.918,8107,70018,1,7,3984430,24
E_sample_pad,1024,64,131072,local_read,uniform,2,26.835,4.009,18.222,8117,70008,0,0,3984409,23
E_sample_pad,1024,64,131072,local_read,uniform,3,26.983,3.998,18.100,8113,70012,0,0,3984416,24
E_sample_pad,1024,64,131072,local_read,zipf-0.5,1,36.096,0.492,17.157,28822,49303,0,0,3962579,23
E_sample_pad,1024,64,131072,local_read,zipf-0.5,2,36.209,0.491,17.152,28805,49320,0,0,3962592,23
E_sample_pad,1024,64,131072,local_read,zipf-0.5,3,36.005,0.492,17.361,28726,49399,0,0,3962665,23
E_sample_pad,1024,64,131072,local_read,zipf-0.99,1,42.298,0.315,15.784,31581,46544,1,0,3954661,23
E_sample_pad,1024,64,131072,local_read,zipf-0.99,2,42.453,0.314,15.978,31601,46524,0,0,3954640,23
E_sample_pad,1024,64,131072,local_read,zipf-0.99,3,42.470,0.314,15.829,31580,46545,1,0,3954659,23
E_sample_pad,1024,64,131072,local_read,zipf-1.5,1,15.956,0.157,47.135,17270,60855,0,0,3949954,23
E_sample_pad,1024,64,131072,local_read,zipf-1.5,2,15.675,0.157,52.962,17272,60853,0,0,3949958,23
E_sample_pad,1024,64,131072,local_read,zipf-1.5,3,15.951,0.155,51.648,17267,60858,0,0,3949962,23
