cell	rep	trans_agg_thpt	w_p99_ns	r_p99_ns	first_op_ns_max	first_op_ns_avg	ops_to_first_ns_max	ops_to_first_ns_avg
workloada_T4_on_kv512	1	1603694	17672	17997	38226	15903	552506	124647
workloada_T4_on_kv512	2	365566	5011003	16590	39923	14461	474823	109877
workloada_T4_on_kv512	3	1610928	18133	15781	38778	15376	149538	66934
workloada_T4_on_kv512	4	1598772	18079	16467	51066	15803	479111	111266
workloada_T4_on_kv512	5	1600819	21255	15253	40934	15135	453135	106148
workloada_T4_on_kv512	6	1557729	19517	15375	52112	16934	468287	118303
workloada_T4_on_kv512	7	1605600	17882	15558	35875	14715	473001	112831
workloada_T4_on_kv512	8	1581277	19903	15560	42801	14903	458399	113940
workloada_T4_on_kv512	9	1565876	19338	14801	49092	17372	485415	116974
workloada_T4_on_kv512	10	1566465	19222	15889	43937	15845	469170	112613
workloada_T4_on_kv512	11	1583330	20711	14183	46079	15630	468978	111630
workloada_T4_on_kv512	12	1613475	18576	15442	44945	15198	475945	110169
workloada_T4_on_kv512	13	1560598	18697	16763	46333	15438	473503	110762
workloada_T4_on_kv512	14	1609372	20341	15477	38318	14651	148801	68586
workloada_T4_on_kv512	15	1626122	17692	16475	41903	15768	190939	72468
workloada_T4_on_kv512	16	1570006	18891	15115	75014	20307	154610	74208
workloada_T4_on_kv512	17	1620903	18036	13565	39953	14395	495869	109709
workloada_T4_on_kv512	18	1603849	18481	16318	40154	15090	487531	124559
workloada_T4_on_kv512	19	1593981	20443	15889	38316	15017	147935	66025
workloada_T4_on_kv512	20	1609735	21210	15486	38841	14751	466511	106349
workloada_T64_on_kv1024	1	13206550	92746	41977	171092	37065	542443	64075
workloada_T64_on_kv1024	2	119885	61250	87195	394299	38988	465500	62825
workloada_T64_on_kv1024	3	12088974	52714	48615	143900	34618	511540	60608
workloada_T64_on_kv1024	4	95794	69370	49841	624621	42671	680330	66865
workloada_T64_on_kv1024	5	95792	106436	48399	418302	39992	509816	63015
workloada_T64_on_kv1024	6	13089005	130018	51286	122245	35701	261683	61856
workloada_T64_on_kv1024	7	13044612	71535	53391	74397	31607	248142	57274
workloada_T64_on_kv1024	8	12690355	117400	94795	127724	37567	148374	61423
workloada_T64_on_kv1024	9	12413108	66439	37368	145720	32970	152452	57600
workloada_T64_on_kv1024	10	122836	50498	71421	384772	33143	455882	57911
workloada_T64_on_kv1024	11	122841	71791	46864	251495	34263	329107	57711
workloada_T64_on_kv1024	12	95793	51179	36092	76630	30063	130613	50462
workloada_T64_on_kv1024	13	95791	53430	37793	500207	41252	526584	62251
workloada_T64_on_kv1024	14	122837	61342	32391	636834	42997	649079	66450
workloada_T64_on_kv1024	15	95783	66992	37587	483681	35526	502035	54900
workloada_T64_on_kv1024	16	11865211	71107	62750	477913	34527	505830	54698
workloada_T64_on_kv1024	17	13422818	69709	38938	109058	34472	123489	55942
workloada_T64_on_kv1024	18	53944	73305	41977	229927	34075	313646	58512
workloada_T64_on_kv1024	19	12856775	67642	59406	80669	31440	124482	51651
workloada_T64_on_kv1024	20	13605442	119396	61816	134468	36458	191034	63957
workloadb_T64_on_kv512	1	10631511	59853	33467	491606	27627	583820	56275
workloadb_T64_on_kv512	2	10704345	138445	35003	63826	24611	190741	52422
workloadb_T64_on_kv512	3	10838933	50174	31652	348920	26426	349946	52171
workloadb_T64_on_kv512	4	11407711	35630	38349	466412	29372	636651	60102
workloadb_T64_on_kv512	5	10998680	53080	42634	274158	26440	275182	57266
workloadb_T64_on_kv512	6	51997	46988	53323	518476	26769	1482629	256593
workloadb_T64_on_kv512	7	1199443	45152	33708	85264	18514	1360394	189189
workloadb_T64_on_kv512	8	11515430	46832	34293	278265	24250	1453387	226269
workloadb_T64_on_kv512	9	1200393	38820	30711	82992	21327	1498824	215864
workloadb_T64_on_kv512	10	10869565	35368	33852	262325	21547	1485983	228281
workloadb_T64_on_kv512	11	11449507	49541	28625	120423	20825	870961	159668
workloadb_T64_on_kv512	12	1199702	40657	32285	227594	21311	1101383	189348
workloadb_T64_on_kv512	13	11423349	168016	32207	315211	22781	1460981	221431
workloadb_T64_on_kv512	14	11198208	37998	62263	455197	31931	814764	167484
workloadb_T64_on_kv512	15	11035091	50858	26431	492756	24203	1473235	268396
workloadb_T64_on_kv512	16	11916110	32118	29554	250807	20489	1191535	197793
workloadb_T64_on_kv512	17	49919	33723	61200	290013	20021	787855	165490
workloadb_T64_on_kv512	18	11363636	47793	46020	51789	18802	1151223	178019
workloadb_T64_on_kv512	19	11614401	37738	32868	46572	18688	1201130	176303
workloadb_T64_on_kv512	20	10879025	31366	81260	705814	37356	1173543	211338
workloadd_T4_off_kv512	1	1755864	23280	16864	40198	15436	2713724	811315
workloadd_T4_off_kv512	2	1745810	20473	15966	33393	15029	2595644	788473
workloadd_T4_off_kv512	3	1755556	20103	15154	35980	15638	3263655	869727
workloadd_T4_off_kv512	4	3930	22779	14135	51781	17825	25051151	3928605
workloadd_T4_off_kv512	5	1811594	21853	17617	35808	14533	2586421	801134
workloadd_T4_off_kv512	6	1813236	21469	15016	34307	15169	2790730	823059
workloadd_T4_off_kv512	7	1812382	21070	16359	33795	14680	2623861	794604
workloadd_T4_off_kv512	8	1818777	21378	15330	33238	14909	2622962	826986
workloadd_T4_off_kv512	9	1815936	23506	15285	35455	14228	2650489	798546
workloadd_T4_off_kv512	10	1813828	21643	14770	34783	14610	2679467	811471
workloadd_T4_off_kv512	11	1819637	20903	15428	34290	14863	2654011	813956
workloadd_T4_off_kv512	12	3930	19733	15087	34584	14389	25048385	3941363
workloadd_T4_off_kv512	13	1807729	20393	12933	45554	15768	2635550	812678
workloadd_T4_off_kv512	14	1813105	20911	12753	41258	15073	2690868	814863
workloadd_T4_off_kv512	15	59394	25915	14020	89238	22141	2723355	852382
workloadd_T4_off_kv512	16	59431	20638	15700	34921	15510	3396412	952685
workloadd_T4_off_kv512	17	59402	21831	16305	87763	33832	285251	118748
workloadd_T4_off_kv512	18	59377	25292	16053	35251	18275	222449	96954
workloadd_T4_off_kv512	19	1772986	23181	15301	42838	19324	213562	97628
workloadd_T4_off_kv512	20	1710981	23012	15884	38894	18849	236671	94462
workloadf_T8_on_kv512	1	3341799	26342	16562	55360	21939	90906	33206
workloadf_T8_on_kv512	2	3513950	20591	21293	35676	21373	165564	40791
workloadf_T8_on_kv512	3	3606983	19249	18910	36455	16572	356162	84571
workloadf_T8_on_kv512	4	3624238	21529	16259	89896	20647	776278	137132
workloadf_T8_on_kv512	5	3622925	19405	19496	34196	15250	338839	88806
workloadf_T8_on_kv512	6	3610629	20042	16345	33820	15053	302073	78994
workloadf_T8_on_kv512	7	3563283	20099	20146	34728	16224	426568	96716
workloadf_T8_on_kv512	8	3620302	18654	17471	35313	16341	353807	98067
workloadf_T8_on_kv512	9	3272679	23343	17132	41220	16785	737378	128534
workloadf_T8_on_kv512	10	3610629	20060	19487	34157	15985	349711	92592
workloadf_T8_on_kv512	11	3623713	23279	18652	41651	17814	336828	87808
workloadf_T8_on_kv512	12	3602824	19939	16305	42004	17072	392117	90667
workloadf_T8_on_kv512	13	3075598	23728	18637	43525	18016	755065	146376
workloadf_T8_on_kv512	14	3616113	20251	17827	37508	16978	408417	92376
workloadf_T8_on_kv512	15	3618468	19389	17101	39847	15913	333627	90307
workloadf_T8_on_kv512	16	16784	23423	20527	64581	19343	381380	105927
workloadf_T8_on_kv512	17	3597639	19459	18546	75477	19758	466304	100403
workloadf_T8_on_kv512	18	16784	20265	17033	38067	16167	407960	93922
workloadf_T8_on_kv512	19	3639804	19867	17967	34430	16073	383217	86781
workloadf_T8_on_kv512	20	3259452	22877	18014	39839	16684	480360	105881
