exp,build,V,T,scenario,keydist,rep,thpt_Mops,r_p50_us,r_p99_us,r2hit,r2miss_local,wallclock_s
exp1,baseline,1024,64,local_read,uniform,1,29.636,3.816,16.688,8116,70009,23
exp1,baseline,1024,64,local_read,uniform,2,29.544,3.809,16.805,8133,69992,23
exp1,baseline,1024,64,local_read,uniform,3,29.686,3.815,16.883,8136,69989,23
exp1,baseline,1024,64,local_read,zipf-0.5,1,40.079,0.626,15.265,27890,50235,23
exp1,baseline,1024,64,local_read,zipf-0.5,2,40.118,0.632,15.326,27894,50231,23
exp1,baseline,1024,64,local_read,zipf-0.5,3,39.558,0.626,15.584,27930,50195,23
exp1,baseline,1024,64,local_read,zipf-0.99,1,46.356,0.297,14.902,31328,46797,22
exp1,baseline,1024,64,local_read,zipf-0.99,2,46.565,0.300,14.813,31331,46794,23
exp1,baseline,1024,64,local_read,zipf-0.99,3,46.370,0.298,14.982,31317,46808,23
exp1,baseline,1024,64,local_read,zipf-1.5,1,16.357,0.223,57.187,17279,60846,22
exp1,baseline,1024,64,local_read,zipf-1.5,2,16.380,0.211,44.700,17281,60844,23
exp1,baseline,1024,64,local_read,zipf-1.5,3,16.439,0.213,52.807,17275,60850,23
exp1,B_no_flush,1024,64,local_read,uniform,1,30.807,3.637,17.402,8104,70021,23
exp1,B_no_flush,1024,64,local_read,uniform,2,31.252,3.615,16.731,8123,70002,23
exp1,B_no_flush,1024,64,local_read,uniform,3,31.186,3.634,16.749,8117,70008,23
exp1,B_no_flush,1024,64,local_read,zipf-0.5,1,43.898,0.843,15.395,27622,50503,23
exp1,B_no_flush,1024,64,local_read,zipf-0.5,2,44.094,0.843,15.237,27517,50608,22
exp1,B_no_flush,1024,64,local_read,zipf-0.5,3,44.004,0.842,15.331,27523,50602,23
exp1,B_no_flush,1024,64,local_read,zipf-0.99,1,56.110,0.304,14.691,31087,47038,22
exp1,B_no_flush,1024,64,local_read,zipf-0.99,2,55.399,0.302,14.852,31037,47088,23
exp1,B_no_flush,1024,64,local_read,zipf-0.99,3,56.239,0.304,14.829,31068,47057,23
exp1,B_no_flush,1024,64,local_read,zipf-1.5,1,108.050,0.358,17.117,17196,60929,23
exp1,B_no_flush,1024,64,local_read,zipf-1.5,2,112.887,0.361,15.954,17197,60928,22
exp1,B_no_flush,1024,64,local_read,zipf-1.5,3,111.799,0.362,17.206,17178,60947,22
exp1,B1_no_flush_only,1024,64,local_read,uniform,1,29.937,3.760,16.968,8134,69991,22
exp1,B1_no_flush_only,1024,64,local_read,uniform,2,29.836,3.759,17.074,8133,69992,23
exp1,B1_no_flush_only,1024,64,local_read,uniform,3,29.916,3.751,16.695,8140,69985,22
exp1,B1_no_flush_only,1024,64,local_read,zipf-0.5,1,43.197,0.628,15.493,27559,50566,23
exp1,B1_no_flush_only,1024,64,local_read,zipf-0.5,2,42.773,0.631,15.645,27734,50391,23
exp1,B1_no_flush_only,1024,64,local_read,zipf-0.5,3,42.691,0.632,15.424,27735,50390,22
exp1,B1_no_flush_only,1024,64,local_read,zipf-0.99,1,54.002,0.303,14.910,31098,47027,22
exp1,B1_no_flush_only,1024,64,local_read,zipf-0.99,2,54.174,0.309,14.989,31100,47025,23
exp1,B1_no_flush_only,1024,64,local_read,zipf-0.99,3,53.209,0.305,15.061,31079,47046,22
exp1,B1_no_flush_only,1024,64,local_read,zipf-1.5,1,113.327,0.340,16.846,17200,60925,22
exp1,B1_no_flush_only,1024,64,local_read,zipf-1.5,2,107.264,0.354,17.122,17199,60926,23
exp1,B1_no_flush_only,1024,64,local_read,zipf-1.5,3,110.899,0.361,18.198,17200,60925,22
exp1,B2_no_fence_only,1024,64,local_read,uniform,1,30.595,3.859,16.770,8142,69983,23
exp1,B2_no_fence_only,1024,64,local_read,uniform,2,30.557,3.838,16.687,8126,69999,23
exp1,B2_no_fence_only,1024,64,local_read,uniform,3,30.522,3.854,16.902,8129,69996,23
exp1,B2_no_fence_only,1024,64,local_read,zipf-0.5,1,41.404,0.849,15.429,27676,50449,23
exp1,B2_no_fence_only,1024,64,local_read,zipf-0.5,2,41.708,0.849,15.411,27721,50404,23
exp1,B2_no_fence_only,1024,64,local_read,zipf-0.5,3,41.374,0.851,15.358,27791,50334,22
exp1,B2_no_fence_only,1024,64,local_read,zipf-0.99,1,48.800,0.299,15.008,31222,46903,22
exp1,B2_no_fence_only,1024,64,local_read,zipf-0.99,2,49.478,0.304,14.896,31214,46911,23
exp1,B2_no_fence_only,1024,64,local_read,zipf-0.99,3,49.188,0.298,14.923,31238,46887,22
exp1,B2_no_fence_only,1024,64,local_read,zipf-1.5,1,20.709,0.204,15.088,17278,60847,23
exp1,B2_no_fence_only,1024,64,local_read,zipf-1.5,2,20.621,0.201,15.100,17280,60845,23
exp1,B2_no_fence_only,1024,64,local_read,zipf-1.5,3,20.702,0.200,14.841,17267,60858,23
exp2,baseline,1024,8,local_read,zipf-1.5,1,10.842,0.186,10.885,138354,486646,13
exp2,baseline,1024,8,local_read,zipf-1.5,2,10.861,0.156,11.054,138291,486709,14
exp2,baseline,1024,8,local_read,zipf-1.5,3,10.861,0.180,10.884,138610,486390,13
exp2,baseline,1024,16,local_read,zipf-1.5,1,13.070,0.185,11.837,68995,243505,14
exp2,baseline,1024,16,local_read,zipf-1.5,2,13.039,0.189,11.854,69037,243463,13
exp2,baseline,1024,16,local_read,zipf-1.5,3,13.022,0.189,12.039,68999,243501,14
exp2,baseline,1024,32,local_read,zipf-1.5,1,15.704,0.187,13.808,34572,121678,14
exp2,baseline,1024,32,local_read,zipf-1.5,2,15.653,0.197,14.129,34634,121616,14
exp2,baseline,1024,32,local_read,zipf-1.5,3,15.678,0.195,13.725,34583,121667,14
exp2,baseline,1024,64,local_read,zipf-1.5,1,16.455,0.211,47.319,17273,60852,22
exp2,baseline,1024,64,local_read,zipf-1.5,2,16.456,0.212,49.802,17279,60846,23
exp2,baseline,1024,64,local_read,zipf-1.5,3,16.299,0.210,53.305,17280,60845,22
exp2,B_no_flush,1024,8,local_read,zipf-1.5,1,61.263,0.172,10.294,138299,486701,13
exp2,B_no_flush,1024,8,local_read,zipf-1.5,2,62.181,0.185,10.249,131602,493398,13
exp2,B_no_flush,1024,8,local_read,zipf-1.5,3,62.395,0.197,10.345,138291,486709,13
exp2,B_no_flush,1024,16,local_read,zipf-1.5,1,92.254,0.178,10.580,68915,243585,14
exp2,B_no_flush,1024,16,local_read,zipf-1.5,2,89.713,0.187,10.584,68963,243537,13
exp2,B_no_flush,1024,16,local_read,zipf-1.5,3,89.324,0.195,10.742,68922,243578,13
exp2,B_no_flush,1024,32,local_read,zipf-1.5,1,113.903,0.218,13.253,34389,121861,14
exp2,B_no_flush,1024,32,local_read,zipf-1.5,2,112.524,0.209,13.218,34470,121780,14
exp2,B_no_flush,1024,32,local_read,zipf-1.5,3,113.642,0.229,13.373,34484,121766,13
exp2,B_no_flush,1024,64,local_read,zipf-1.5,1,112.674,0.361,16.963,17187,60938,23
exp2,B_no_flush,1024,64,local_read,zipf-1.5,2,110.324,0.341,16.669,17188,60937,22
exp2,B_no_flush,1024,64,local_read,zipf-1.5,3,112.266,0.351,16.993,17192,60933,23
