build	rep	trans_agg_thpt
build-cxl-w1	1	10659844
build-cxl-w1	2	10733068
build-cxl-w1	3	10866021
build-cxl-w1	4	11710973
build-cxl-w1	5	10671219
build-cxl-w1	6	10446591
build-cxl-w1	7	10641127
build-cxl-w1	8	17133556
build-cxl-w1	9	17334026
build-cxl-w1	10	17217630
build-cxl-w1-probe	1	17520805
build-cxl-w1-probe	2	17353579
build-cxl-w1-probe	3	16593379
build-cxl-w1-probe	4	17296549
build-cxl-w1-probe	5	10179153
build-cxl-w1-probe	6	10611205
build-cxl-w1-probe	7	10416666
build-cxl-w1-probe	8	10339123
build-cxl-w1-probe	9	17061934
build-cxl-w1-probe	10	9969592
