build	wl	T	cache	kv	rep	wall_s	thpt_mops	w_avg_us	r_avg_us	w_p99_us	r_p99_us
hazard	workloada	4	off	512	1	0.124295	1.6091	6.797	1.954	15.782	13.131
hazard	workloada	4	off	512	2	0.124320	1.6088	6.790	1.939	15.405	13.173
hazard	workloada	4	off	512	3	0.124233	1.6099	6.790	1.948	15.152	13.164
hazard	workloada	4	off	512	4	0.124397	1.6077	6.787	1.936	15.149	13.226
hazard	workloada	4	off	512	5	0.124210	1.6102	6.794	1.946	17.960	13.150
w1	workloada	4	off	512	1	0.124495	1.6065	6.752	2.024	15.515	13.192
w1	workloada	4	off	512	2	0.124473	1.6068	6.742	2.020	15.680	13.177
w1	workloada	4	off	512	3	0.124540	1.6059	6.748	2.029	17.261	13.120
w1	workloada	4	off	512	4	0.124509	1.6063	6.735	2.017	17.516	13.101
w1	workloada	4	off	512	5	0.124458	1.6070	6.754	2.035	15.807	13.147
w3	workloada	4	off	512	1	0.125362	1.5954	6.754	2.026	15.198	13.236
w3	workloada	4	off	512	2	0.176301	1.1344	6.796	2.213	15.466	13.349
w3	workloada	4	off	512	3	0.189631	1.0547	6.781	2.249	15.871	13.536
w3	workloada	4	off	512	4	0.224046	0.8927	7.575	2.326	17.760	14.359
w3	workloada	4	off	512	5	FAIL	0	0	0	0	0
hazard	workloada	32	off	1024	1	0.019160	10.4384	11.101	4.678	71.115	20.295
hazard	workloada	32	off	1024	2	0.019781	10.1107	11.148	4.712	63.742	19.412
hazard	workloada	32	off	1024	3	0.018882	10.5915	11.111	4.664	61.387	19.532
hazard	workloada	32	off	1024	4	0.019961	10.0190	11.076	4.686	68.014	19.279
hazard	workloada	32	off	1024	5	0.019058	10.4943	11.115	4.688	76.061	20.742
w1	workloada	32	off	1024	1	0.019289	10.3686	11.054	4.641	75.349	20.045
w1	workloada	32	off	1024	2	0.019841	10.0796	11.066	4.815	66.503	20.816
w1	workloada	32	off	1024	3	0.019223	10.4037	11.180	4.833	56.295	21.190
w1	workloada	32	off	1024	4	0.019303	10.3605	10.900	4.621	70.577	19.413
w1	workloada	32	off	1024	5	0.019295	10.3654	11.055	4.700	65.262	19.676
w3	workloada	32	off	1024	1	0.019253	10.3880	11.125	4.772	66.916	20.328
w3	workloada	32	off	1024	2	0.019470	10.2717	10.967	4.637	68.852	19.844
w3	workloada	32	off	1024	3	0.019579	10.2145	11.004	4.761	75.238	20.035
w3	workloada	32	off	1024	4	0.019131	10.4537	11.033	4.658	72.117	20.218
w3	workloada	32	off	1024	5	0.019133	10.4526	11.044	4.712	92.155	19.556
hazard	workloadb	32	off	256	1	0.015007	13.3262	10.118	4.105	35.741	17.790
hazard	workloadb	32	off	256	2	0.015273	13.0941	10.169	4.189	34.092	17.523
hazard	workloadb	32	off	256	3	0.015305	13.0668	10.258	4.176	44.468	18.381
hazard	workloadb	32	off	256	4	0.014822	13.4925	10.195	4.166	58.734	17.725
hazard	workloadb	32	off	256	5	0.016684	11.9868	10.620	4.421	43.292	19.879
w1	workloadb	32	off	256	1	0.015341	13.0370	10.278	4.249	42.914	17.988
w1	workloadb	32	off	256	2	0.015508	12.8957	10.389	4.252	45.211	18.194
w1	workloadb	32	off	256	3	0.015142	13.2074	10.143	4.152	42.685	17.688
w1	workloadb	32	off	256	4	0.015254	13.1105	10.239	4.223	51.250	18.096
w1	workloadb	32	off	256	5	0.014948	13.3788	10.172	4.129	50.217	17.891
w3	workloadb	32	off	256	1	0.015441	12.9517	10.250	4.220	39.100	17.720
w3	workloadb	32	off	256	2	0.015051	13.2882	10.224	4.122	48.834	18.262
w3	workloadb	32	off	256	3	0.015223	13.1380	10.392	4.199	52.340	17.613
w3	workloadb	32	off	256	4	0.014902	13.4201	10.204	4.188	46.767	18.159
w3	workloadb	32	off	256	5	0.015339	13.0387	10.192	4.166	30.582	18.319
hazard	workloadc	64	off	1024	1	0.010866	18.4060	0.000	5.349	0.000	22.917
hazard	workloadc	64	off	1024	2	0.011277	17.7336	0.000	5.686	0.000	23.449
hazard	workloadc	64	off	1024	3	0.011129	17.9711	0.000	5.478	0.000	26.806
hazard	workloadc	64	off	1024	4	0.010584	18.8947	0.000	5.270	0.000	22.452
hazard	workloadc	64	off	1024	5	0.011386	17.5654	0.000	5.490	0.000	23.356
w1	workloadc	64	off	1024	1	0.011315	17.6757	0.000	5.372	0.000	25.249
w1	workloadc	64	off	1024	2	0.010715	18.6654	0.000	5.465	0.000	23.578
w1	workloadc	64	off	1024	3	0.010694	18.7003	0.000	5.407	0.000	23.896
w1	workloadc	64	off	1024	4	0.010951	18.2615	0.000	5.343	0.000	23.250
w1	workloadc	64	off	1024	5	0.010795	18.5254	0.000	5.296	0.000	23.513
w3	workloadc	64	off	1024	1	0.010252	19.5084	0.000	5.332	0.000	24.831
w3	workloadc	64	off	1024	2	0.010593	18.8804	0.000	5.331	0.000	24.088
w3	workloadc	64	off	1024	3	0.011026	18.1389	0.000	5.625	0.000	23.601
w3	workloadc	64	off	1024	4	0.011076	18.0554	0.000	5.367	0.000	22.145
w3	workloadc	64	off	1024	5	0.010857	18.4196	0.000	5.382	0.000	24.081
hazard	workloadf	32	off	512	1	0.016981	11.7779	10.438	4.411	35.188	18.069
hazard	workloadf	32	off	512	2	0.017132	11.6734	10.526	4.504	35.039	18.585
hazard	workloadf	32	off	512	3	0.017648	11.3327	10.564	4.574	33.345	18.909
hazard	workloadf	32	off	512	4	0.017461	11.4541	10.441	4.457	30.996	18.568
hazard	workloadf	32	off	512	5	0.017169	11.6482	10.389	4.405	35.099	18.075
w1	workloadf	32	off	512	1	0.017199	11.6279	10.394	4.444	33.768	18.797
w1	workloadf	32	off	512	2	0.017029	11.7447	10.381	4.473	30.000	18.382
w1	workloadf	32	off	512	3	0.017264	11.5841	10.398	4.472	32.149	18.455
w1	workloadf	32	off	512	4	0.017089	11.7027	10.518	4.536	30.364	18.304
w1	workloadf	32	off	512	5	0.017320	11.5473	10.388	4.489	34.558	18.558
w3	workloadf	32	off	512	1	0.017402	11.4923	10.451	4.520	27.954	18.944
w3	workloadf	32	off	512	2	0.017086	11.7048	10.396	4.431	30.780	18.445
w3	workloadf	32	off	512	3	0.017223	11.6117	10.428	4.505	27.424	18.449
w3	workloadf	32	off	512	4	0.017350	11.5267	10.426	4.417	39.520	18.511
w3	workloadf	32	off	512	5	0.017353	11.5247	10.499	4.535	30.791	18.360
