phase,mode,workload,param,clients,extra1,extra2,extra3
M2,rep1,micro,micro,1,2,154940,625284,137598,66640
M2,rep2,micro,micro,1,2,157140,608126,134294,94600
M2,rep3,micro,micro,1,2,161580,634426,141198,72760
M2,rep1,micro,micro,2,4,316120,1394611,299979,154620
M2,rep2,micro,micro,2,4,314840,1380603,298229,148100
M2,rep3,micro,micro,2,4,334360,1385203,299500,133180
M2,rep1,micro,micro,4,8,700920,2530033,617396,235460
M2,rep2,micro,micro,4,8,604260,2223739,619032,317540
M2,rep3,micro,micro,4,8,702520,2578932,620697,248240
M2,rep1,micro,micro,8,16,1450840,4678209,1115998,424000
M2,rep2,micro,micro,8,16,1488680,3594377,1268119,478420
M2,rep3,micro,micro,8,16,1464160,3961708,1268961,427580
M2,rep1,micro,micro,14,28,2405900,5015574,1951698,542100
M2,rep2,micro,micro,14,28,2443420,5216533,1955415,627380
M2,rep3,micro,micro,14,28,2708140,5222908,1768021,613800
M1,rep1,latency,insert,1,26 13 17 100000
M1,rep1,latency,search,1,10 5 7 100000
M1,rep1,latency,update,1,29 14 19 100000
M1,rep1,latency,delete,1,35 17 33 100000
M1,rep2,latency,insert,1,26 13 17 100000
M1,rep2,latency,search,1,10 5 7 100000
M1,rep2,latency,update,1,29 14 19 100000
M1,rep2,latency,delete,1,37 18 35 100000
M1,rep3,latency,insert,1,26 12 17 100000
M1,rep3,latency,search,1,10 5 7 100000
M1,rep3,latency,update,1,29 14 19 100000
M1,rep3,latency,delete,1,35 17 34 100000
Ypaper,rep1,ycsb,workloada,1,2,42602,97077,139679
Ypaper,rep2,ycsb,workloada,1,2,41830,97379,139209
Ypaper,rep3,ycsb,workloada,1,2,42269,97124,139393
Ypaper,rep1,ycsb,workloada,2,4,126123,205216,331339
Ypaper,rep2,ycsb,workloada,2,4,128055,208413,336468
Ypaper,rep3,ycsb,workloada,2,4,119767,208322,328089
Ypaper,rep1,ycsb,workloada,4,8,271440,396023,667463
Ypaper,rep2,ycsb,workloada,4,8,267170,392883,660053
Ypaper,rep3,ycsb,workloada,4,8,271546,397699,669245
Ypaper,rep1,ycsb,workloada,8,16,537332,786319,1323651
Ypaper,rep2,ycsb,workloada,8,16,534639,786028,1320667
Ypaper,rep3,ycsb,workloada,8,16,530865,773572,1304437
Ypaper,rep1,ycsb,workloada,14,28,816412,1377000,2193412
Ypaper,rep2,ycsb,workloada,14,28,831412,1386785,2218197
Ypaper,rep3,ycsb,workloada,14,28,819600,1370910,2190510
Ypaper,rep1,ycsb,workloadb,1,2,86882,307371,394253
Ypaper,rep2,ycsb,workloadb,1,2,85944,312238,398182
Ypaper,rep3,ycsb,workloadb,1,2,86069,305123,391192
Ypaper,rep1,ycsb,workloadb,2,4,292804,510622,803426
Ypaper,rep2,ycsb,workloadb,2,4,298119,509221,807340
Ypaper,rep3,ycsb,workloadb,2,4,297704,509755,807459
Ypaper,rep1,ycsb,workloadb,4,8,654133,937856,1591989
Ypaper,rep2,ycsb,workloadb,4,8,685603,943658,1629261
Ypaper,rep3,ycsb,workloadb,4,8,647684,936821,1584505
Ypaper,rep1,ycsb,workloadb,8,16,1522935,1788227,3311162
Ypaper,rep2,ycsb,workloadb,8,16,1547585,1789926,3337511
Ypaper,rep3,ycsb,workloadb,8,16,1274322,1795906,3070228
Ypaper,rep1,ycsb,workloadb,14,28,2700163,2953851,5654014
Ypaper,rep2,ycsb,workloadb,14,28,1742217,2986140,4728357
Ypaper,rep3,ycsb,workloadb,14,28,1885371,2970898,4856269
Ypaper,rep1,ycsb,workloadc,1,2,120215,375879,496094
Ypaper,rep2,ycsb,workloadc,1,2,122047,371956,494003
Ypaper,rep3,ycsb,workloadc,1,2,122616,368862,491478
Ypaper,rep1,ycsb,workloadc,2,4,428278,720425,1148703
Ypaper,rep2,ycsb,workloadc,2,4,428488,720637,1149125
Ypaper,rep3,ycsb,workloadc,2,4,424015,722459,1146474
Ypaper,rep1,ycsb,workloadc,4,8,1092114,1406451,2498565
Ypaper,rep2,ycsb,workloadc,4,8,1083939,1401957,2485896
Ypaper,rep3,ycsb,workloadc,4,8,1073164,1383091,2456255
Ypaper,rep1,ycsb,workloadc,8,16,2332294,2684446,5016740
Ypaper,rep2,ycsb,workloadc,8,16,2401294,2709033,5110327
Ypaper,rep3,ycsb,workloadc,8,16,2406165,2733682,5139847
Ypaper,rep1,ycsb,workloadc,14,28,2554519,2530348,5084867
Ypaper,rep2,ycsb,workloadc,14,28,2554582,2553599,5108181
Ypaper,rep3,ycsb,workloadc,14,28,2542425,2534562,5076987
Ypaper,rep1,ycsb,workloadd,1,2,105689,317744,423433
Ypaper,rep2,ycsb,workloadd,1,2,105714,312846,418560
Ypaper,rep3,ycsb,workloadd,1,2,105258,311077,416335
Ypaper,rep1,ycsb,workloadd,2,4,361420,606717,968137
Ypaper,rep2,ycsb,workloadd,2,4,361873,599786,961659
Ypaper,rep3,ycsb,workloadd,2,4,363496,608088,971584
Ypaper,rep1,ycsb,workloadd,4,8,919570,1190904,2110474
Ypaper,rep2,ycsb,workloadd,4,8,919567,1184402,2103969
Ypaper,rep3,ycsb,workloadd,4,8,921845,1191037,2112882
Ypaper,rep1,ycsb,workloadd,8,16,2039994,2298674,4338668
Ypaper,rep2,ycsb,workloadd,8,16,1942405,2309524,4251929
Ypaper,rep3,ycsb,workloadd,8,16,2022429,2244405,4266834
Ypaper,rep1,ycsb,workloadd,14,28,3052331,3044171,6096502
Ypaper,rep2,ycsb,workloadd,14,28,3064291,3022126,6086417
Ypaper,rep3,ycsb,workloadd,14,28,3062382,3021373,6083755
Ylw,rep1,lw,workloada,2,2,0,146704
Ylw,rep2,
Ylw,rep3,
Ylw,rep1,
Ylw,rep2,lw,workloada,4,4,0,390253
Ylw,rep3,
Ylw,rep1,
Ylw,rep2,
Ylw,rep3,lw,workloada,8,8,0,822823
Ylw,rep1,
Ylw,rep2,
Ylw,rep3,
Ylw,rep1,
Ylw,rep2,
Ylw,rep3,
Ylw,rep1,
Ylw,rep2,
Ylw,rep3,
Ylw,rep1,lw,workloadb,4,4,0,848471
Ylw,rep2,
Ylw,rep3,
Ylw,rep1,
Ylw,rep2,lw,workloadb,8,8,0,1744117
Ylw,rep3,
Ylw,rep1,
Ylw,rep2,lw,workloadb,16,16,0,3481141
Ylw,rep3,
Ylw,rep1,lw,workloadb,28,28,0,6081752
Ylw,rep2,
Ylw,rep3,
Ylw,rep1,lw,workloadc,2,2,0,479753
Ylw,rep2,
Ylw,rep3,
Ylw,rep1,
Ylw,rep2,lw,workloadc,4,4,0,1135495
Ylw,rep3,
Ylw,rep1,
Ylw,rep2,lw,workloadc,8,8,0,2461717
Ylw,rep3,
Ylw,rep1,lw,workloadc,16,16,0,4909085
Ylw,rep2,lw,workloadc,16,16,0,4900665
Ylw,rep3,
Ylw,rep1,
Ylw,rep2,
Ylw,rep3,lw,workloadc,28,28,0,6996966
Ylw,rep1,lw,workloadd,2,2,0,414368
Ylw,rep2,
Ylw,rep3,
Ylw,rep1,
Ylw,rep2,lw,workloadd,4,4,0,979656
Ylw,rep3,lw,workloadd,4,4,0,977203
Ylw,rep1,
Ylw,rep2,
Ylw,rep3,
Ylw,rep1,lw,workloadd,16,16,1,4190783
Ylw,rep2,lw,workloadd,16,16,0,4276893
Ylw,rep3,
Ylw,rep1,
Ylw,rep2,
Ylw,rep3,lw,workloadd,28,28,3164,6900946
