rep	class	wall_s	thpt_mops	worker_pids	distinct_top_funcs
1	WIN	0.032540	1.5366	0
0	0
2	WIN	0.032463	1.5402	0
0	0
3	WIN	0.032452	1.5407	0
0	0
4	WIN	0.032564	1.5354	0
0	0
5	MID	0.143309	0.3489	0
0	0
6	WIN	0.032466	1.5400	0
0	0
7	WIN	0.035198	1.4205	0
0	0
8	WIN	0.035096	1.4246	0
0	0
9	WIN	0.035471	1.4096	0
0	0
10	COLLAPSE	9.275382	0.0054	12	8
11	COLLAPSE	9.178214	0.0054	12	5
12	WIN	0.032534	1.5369	0
0	0
13	TIMEOUT	NA	0.000	12	5
14	TIMEOUT	NA	0.000	12	5
15	TIMEOUT	NA	0.000	12	5
16	WIN	0.034221	1.4610	0
0	0
